{
    "Compressor": {
        "Mean": 0.9962714910507202,
        "Median": 0.9972684383392334,
        "Min": 0.9819505214691162,
        "Max": 0.9999945759773254,
        "Var": 1.0293249033566099e-05,
        "Std": 0.0032083094120025635
    },
    "Chorus": {
        "Mean": 0.9994907379150391,
        "Median": 0.9996083378791809,
        "Min": 0.9970743060112,
        "Max": 0.9998932480812073,
        "Var": 1.7113357841935795e-07,
        "Std": 0.0004136829520575702
    },
    "Distortion": {
        "Mean": 0.9790134429931641,
        "Median": 0.9825913310050964,
        "Min": 0.9176267981529236,
        "Max": 0.9974168539047241,
        "Var": 0.00026292441179975867,
        "Std": 0.016214944422245026
    },
    "Reverb": {
        "Mean": 0.9999936819076538,
        "Median": 0.999997615814209,
        "Min": 0.9999362230300903,
        "Max": 1.0,
        "Var": 9.377992826742343e-11,
        "Std": 9.684003998700064e-06
    },
    "LowpassFilter": {
        "Mean": 0.9999995231628418,
        "Median": 0.9999997615814209,
        "Min": 0.9999933242797852,
        "Max": 1.0000004768371582,
        "Var": 7.998934630978893e-13,
        "Std": 8.943676448325277e-07
    },
    "HighpassFilter": {
        "Mean": 0.9999908208847046,
        "Median": 0.9999972581863403,
        "Min": 0.9998465180397034,
        "Max": 1.0,
        "Var": 2.861475500992583e-10,
        "Std": 1.691589568508789e-05
    }
}