{
    "cos_sim": {
        "ir": {
            "Compressor": {
                "Mean": 0.9959344863891602,
                "Median": 0.9969490766525269,
                "Min": 0.9817672967910767,
                "Max": 0.9999920129776001,
                "Var": 1.1683836419251747e-05,
                "Std": 0.0034181626979261637
            },
            "Chorus": {
                "Mean": 0.9993025064468384,
                "Median": 0.9994187355041504,
                "Min": 0.9963979721069336,
                "Max": 0.9998003840446472,
                "Var": 2.1361083213378151e-07,
                "Std": 0.0004621805273927748
            },
            "Distortion": {
                "Mean": 0.9778919219970703,
                "Median": 0.9815813899040222,
                "Min": 0.9156522750854492,
                "Max": 0.9972760081291199,
                "Var": 0.00027950198273174465,
                "Std": 0.016718313097953796
            },
            "Reverb": {
                "Mean": 0.9999921917915344,
                "Median": 0.9999966621398926,
                "Min": 0.999930202960968,
                "Max": 1.0000019073486328,
                "Var": 1.3013166932918097e-10,
                "Std": 1.1407526471884921e-05
            },
            "LowpassFilter": {
                "Mean": 0.9999994039535522,
                "Median": 0.9999998211860657,
                "Min": 0.9999904632568359,
                "Max": 1.0000015497207642,
                "Var": 1.516420344328806e-12,
                "Std": 1.2314302466620575e-06
            },
            "HighpassFilter": {
                "Mean": 0.9999901652336121,
                "Median": 0.9999967813491821,
                "Min": 0.9998998641967773,
                "Max": 1.0,
                "Var": 2.1854296150536356e-10,
                "Std": 1.4783198821533006e-05
            }
        },
        "ai": {
            "Compressor": {
                "Mean": 1.0,
                "Median": 1.0,
                "Min": 0.9999993443489075,
                "Max": 1.0000011920928955,
                "Var": 8.459899447643693e-14,
                "Std": 2.908590488459595e-07
            },
            "Chorus": {
                "Mean": 1.0000001192092896,
                "Median": 1.0000001192092896,
                "Min": 0.9999991655349731,
                "Max": 1.000002384185791,
                "Var": 1.1238787542755188e-13,
                "Std": 3.3524301557008584e-07
            },
            "Distortion": {
                "Mean": 1.0,
                "Median": 1.0,
                "Min": 0.999999463558197,
                "Max": 1.000001311302185,
                "Var": 8.856249202960145e-14,
                "Std": 2.975945108119049e-07
            },
            "Reverb": {
                "Mean": 1.000000238418579,
                "Median": 1.000000238418579,
                "Min": 0.9999994039535522,
                "Max": 1.0000026226043701,
                "Var": 1.4954704141700859e-13,
                "Std": 3.8671311131110997e-07
            },
            "LowpassFilter": {
                "Mean": 1.000000238418579,
                "Median": 1.0000001192092896,
                "Min": 0.9999995827674866,
                "Max": 1.0000020265579224,
                "Var": 9.059419880941277e-14,
                "Std": 3.009886881955026e-07
            },
            "HighpassFilter": {
                "Mean": 1.000000238418579,
                "Median": 1.0000001192092896,
                "Min": 0.999999463558197,
                "Max": 1.0000011920928955,
                "Var": 8.751887967594837e-14,
                "Std": 2.9583588911918923e-07
            }
        }
    },
    "mse": {
        "ir": {
            "Compressor": {
                "Mean": 0.0038789273239672184,
                "Median": 0.0025239805690944195,
                "Min": 1.131102767004677e-08,
                "Max": 0.01792542077600956,
                "Var": 1.488935959059745e-05,
                "Std": 0.0038586733862757683
            },
            "Chorus": {
                "Mean": 0.005504855420440435,
                "Median": 0.003620775183662772,
                "Min": 8.13565930002369e-05,
                "Max": 0.022745750844478607,
                "Var": 2.4978246074169874e-05,
                "Std": 0.004997824318706989
            },
            "Distortion": {
                "Mean": 0.0317842960357666,
                "Median": 0.029089389368891716,
                "Min": 0.0016330239595845342,
                "Max": 0.09408775717020035,
                "Var": 0.00034172003506682813,
                "Std": 0.018485670909285545
            },
            "Reverb": {
                "Mean": 1.4059711475056247e-06,
                "Median": 9.73254145719693e-07,
                "Min": 1.709299191077207e-08,
                "Max": 7.517365702369716e-06,
                "Var": 1.855436377456998e-12,
                "Std": 1.3621440757560777e-06
            },
            "LowpassFilter": {
                "Mean": 2.6306412337362417e-07,
                "Median": 1.989706959193427e-07,
                "Min": 3.0232261138962713e-10,
                "Max": 1.1490311635498074e-06,
                "Var": 6.228860743168196e-14,
                "Std": 2.495768569588108e-07
            },
            "HighpassFilter": {
                "Mean": 5.767862187866513e-09,
                "Median": 1.8620509578681776e-09,
                "Min": 7.704521742812886e-11,
                "Max": 9.810239731677939e-08,
                "Var": 1.0126372190398257e-16,
                "Std": 1.0062987776393584e-08
            }
        },
        "ai": {
            "Compressor": {
                "Mean": 0.0,
                "Median": 0.0,
                "Min": 0.0,
                "Max": 0.0,
                "Var": 0.0,
                "Std": 0.0
            },
            "Chorus": {
                "Mean": 0.0,
                "Median": 0.0,
                "Min": 0.0,
                "Max": 0.0,
                "Var": 0.0,
                "Std": 0.0
            },
            "Distortion": {
                "Mean": 0.0,
                "Median": 0.0,
                "Min": 0.0,
                "Max": 0.0,
                "Var": 0.0,
                "Std": 0.0
            },
            "Reverb": {
                "Mean": 0.0,
                "Median": 0.0,
                "Min": 0.0,
                "Max": 0.0,
                "Var": 0.0,
                "Std": 0.0
            },
            "LowpassFilter": {
                "Mean": 0.0,
                "Median": 0.0,
                "Min": 0.0,
                "Max": 0.0,
                "Var": 0.0,
                "Std": 0.0
            },
            "HighpassFilter": {
                "Mean": 0.0,
                "Median": 0.0,
                "Min": 0.0,
                "Max": 0.0,
                "Var": 0.0,
                "Std": 0.0
            }
        }
    }
}