{
    "mfcc_cos_sim": {
        "ir": {
            "Compressor": {
                "Mean": 0.9958896636962891,
                "Median": 0.9968452453613281,
                "Min": 0.9830833673477173,
                "Max": 0.9999921917915344,
                "Var": 1.074884676199872e-05,
                "Std": 0.003278543474152684
            },
            "Chorus": {
                "Mean": 0.9992138147354126,
                "Median": 0.9993695616722107,
                "Min": 0.9948432445526123,
                "Max": 0.9997917413711548,
                "Var": 3.551364784470934e-07,
                "Std": 0.0005959332920610905
            },
            "Distortion": {
                "Mean": 0.9914752840995789,
                "Median": 0.9934143424034119,
                "Min": 0.959410548210144,
                "Max": 0.9999573230743408,
                "Var": 5.4250551329459995e-05,
                "Std": 0.0073654972948133945
            },
            "Reverb": {
                "Mean": 0.9999927282333374,
                "Median": 0.9999973773956299,
                "Min": 0.9999305605888367,
                "Max": 1.000002145767212,
                "Var": 1.2870252086294443e-10,
                "Std": 1.1344713129801676e-05
            },
            "LowpassFilter": {
                "Mean": 0.9999996423721313,
                "Median": 1.0,
                "Min": 0.9999905824661255,
                "Max": 1.0000016689300537,
                "Var": 1.534761250379657e-12,
                "Std": 1.238854792973143e-06
            },
            "HighpassFilter": {
                "Mean": 0.9999902844429016,
                "Median": 0.9999968409538269,
                "Min": 0.9998998641967773,
                "Max": 1.0000003576278687,
                "Var": 2.1940582684010224e-10,
                "Std": 1.4812353583693039e-05
            }
        },
        "ai": {
            "Compressor": {
                "Mean": 1.0,
                "Median": 1.0,
                "Min": 0.9999993443489075,
                "Max": 1.0000011920928955,
                "Var": 8.459899447643693e-14,
                "Std": 2.908590488459595e-07
            },
            "Chorus": {
                "Mean": 1.0000001192092896,
                "Median": 1.0000001192092896,
                "Min": 0.9999991655349731,
                "Max": 1.000002384185791,
                "Var": 1.1238787542755188e-13,
                "Std": 3.3524301557008584e-07
            },
            "Distortion": {
                "Mean": 1.0,
                "Median": 1.0,
                "Min": 0.999999463558197,
                "Max": 1.000001311302185,
                "Var": 8.856249202960145e-14,
                "Std": 2.975945108119049e-07
            },
            "Reverb": {
                "Mean": 1.000000238418579,
                "Median": 1.000000238418579,
                "Min": 0.9999994039535522,
                "Max": 1.0000026226043701,
                "Var": 1.4954704141700859e-13,
                "Std": 3.8671311131110997e-07
            },
            "LowpassFilter": {
                "Mean": 1.000000238418579,
                "Median": 1.0000001192092896,
                "Min": 0.9999995827674866,
                "Max": 1.0000020265579224,
                "Var": 9.059419880941277e-14,
                "Std": 3.009886881955026e-07
            },
            "HighpassFilter": {
                "Mean": 1.000000238418579,
                "Median": 1.0000001192092896,
                "Min": 0.999999463558197,
                "Max": 1.0000011920928955,
                "Var": 8.751887967594837e-14,
                "Std": 2.9583588911918923e-07
            }
        }
    },
    "mfcc_mse": {
        "ir": {
            "Compressor": {
                "Mean": 107.3548583984375,
                "Median": 100.21366119384766,
                "Min": 0.21262232959270477,
                "Max": 269.8775634765625,
                "Var": 3332.884765625,
                "Std": 57.731143951416016
            },
            "Chorus": {
                "Mean": 27.52517318725586,
                "Median": 21.209632873535156,
                "Min": 5.2987446784973145,
                "Max": 179.90261840820312,
                "Var": 482.6582946777344,
                "Std": 21.969486236572266
            },
            "Distortion": {
                "Mean": 83.56291198730469,
                "Median": 81.43917846679688,
                "Min": 0.7320238351821899,
                "Max": 270.3765869140625,
                "Var": 2693.57080078125,
                "Std": 51.89962387084961
            },
            "Reverb": {
                "Mean": 0.10684148967266083,
                "Median": 0.038470279425382614,
                "Min": 0.00024411219055764377,
                "Max": 1.041458010673523,
                "Var": 0.02462547831237316,
                "Std": 0.15692506730556488
            },
            "LowpassFilter": {
                "Mean": 0.019755572080612183,
                "Median": 0.001203108113259077,
                "Min": 7.848691166145727e-05,
                "Max": 0.44064590334892273,
                "Var": 0.002737252041697502,
                "Std": 0.0523187555372715
            },
            "HighpassFilter": {
                "Mean": 0.4276971220970154,
                "Median": 0.11981666833162308,
                "Min": 0.0027801196556538343,
                "Max": 4.459868431091309,
                "Var": 0.4368443489074707,
                "Std": 0.660942018032074
            }
        },
        "ai": {
            "Compressor": {
                "Mean": 0.0,
                "Median": 0.0,
                "Min": 0.0,
                "Max": 0.0,
                "Var": 0.0,
                "Std": 0.0
            },
            "Chorus": {
                "Mean": 0.0,
                "Median": 0.0,
                "Min": 0.0,
                "Max": 0.0,
                "Var": 0.0,
                "Std": 0.0
            },
            "Distortion": {
                "Mean": 0.0,
                "Median": 0.0,
                "Min": 0.0,
                "Max": 0.0,
                "Var": 0.0,
                "Std": 0.0
            },
            "Reverb": {
                "Mean": 0.0,
                "Median": 0.0,
                "Min": 0.0,
                "Max": 0.0,
                "Var": 0.0,
                "Std": 0.0
            },
            "LowpassFilter": {
                "Mean": 0.0,
                "Median": 0.0,
                "Min": 0.0,
                "Max": 0.0,
                "Var": 0.0,
                "Std": 0.0
            },
            "HighpassFilter": {
                "Mean": 0.0,
                "Median": 0.0,
                "Min": 0.0,
                "Max": 0.0,
                "Var": 0.0,
                "Std": 0.0
            }
        }
    },
    "wav_mse": {
        "ir": {
            "Compressor": {
                "Mean": 0.0001400903274770826,
                "Median": 0.00013435041182674468,
                "Min": 2.1128321314733967e-10,
                "Max": 0.00036934507079422474,
                "Var": 6.7521739310905105e-09,
                "Std": 8.217160939238966e-05
            },
            "Chorus": {
                "Mean": 0.006100304424762726,
                "Median": 0.003862959798425436,
                "Min": 6.989898975007236e-05,
                "Max": 0.029282670468091965,
                "Var": 3.516376455081627e-05,
                "Std": 0.00592990405857563
            },
            "Distortion": {
                "Mean": 0.006784220226109028,
                "Median": 0.004934381227940321,
                "Min": 6.755606136721326e-07,
                "Max": 0.026426317170262337,
                "Var": 4.158327647019178e-05,
                "Std": 0.0064485096372663975
            },
            "Reverb": {
                "Mean": 4.421647403773932e-08,