{
    "mfcc_cos_sim": {
        "ir": 0.959119439125061,
        "ai": 0.9977723360061646
    },
    "mfcc_mse": {
        "ir": 585.8950805664062,
        "ai": 27.711973190307617
    },
    "wav_mse": {
        "ir": 0.004325682297348976,
        "ai": 0.001154951169155538
    },
    "wav_corr": {
        "ir": 0.7590463847257447,
        "ai": 0.9356657148607643
    }
}